Workbook

Sheet DON CHACHO
A1: CARNE
A2: GRANJA DON CHACHO | F2: INCREMENTO | G2: 1.05 | J2: RINDE CARNE GRANJA DON CHACHO
A3: CORTES: | B3: penultimo | C3: ultimo | D3: $ Actual | E3: Pegar $ Actual para calcular incremento | F3: Valor con calculo de incremento | J3: MEDIA FORRES | K3: KGR | N3: PRECIO | O3: TOTALES
A4: VACIO | B4: 21890 | C4: 22990 | D4: 22990 | E4: 21890 | F4: =PRODUCT(E4,G2) -> 22984.5 | J4: MEDIA RES 111 | K4: 111 | L4: -1 | N4: 10400 | O4: =PRODUCT(K4:N4) -> -1154400
A5: QUEPERI | B5: 21790 | C5: 22950 | D5: 22950 | E5: 21790 | F5: =PRODUCT(E5,G2) -> 22879.5 | J5: SIN PELAR HUESO | O5: =PRODUCT(K5:N5) -> 0
A6: MATAMBRE | B6: 18750 | C6: 19690 | D6: 18690 | E6: 18750 | F6: =PRODUCT(E6,G2) -> 19687.5 | J6: Asado: | O6: =PRODUCT(K6:N6) -> 0
A7: VUELITO | B7: 25400 | C7: 26670 | D7: 25950 | E7: 25400 | F7: =PRODUCT(E7,G2) -> 26670 | J7: Vacio | K7: 3.335 | N7: =(D4) -> 22990 | O7: =PRODUCT(K7:N7) -> 76671.65
A8: COSTILLA ESPECIAL | B8: 18900 | C8: 19850 | D8: 19500 | E8: 18900 | F8: =PRODUCT(E8,G2) -> 19845 | J8: Queperi | K8: 2.58 | N8: =(D5) -> 22950 | O8: =PRODUCT(K8:N8) -> 59211
A9: TAPA DE NALGA | B9: 18650 | C9: 19580 | D9: 19180 | E9: 18650 | F9: =PRODUCT(E9,G2) -> 19582.5 | J9: Matambre | K9: 1.395 | N9: =(D6) -> 18690 | O9: =PRODUCT(K9:N9) -> 26072.55
A10: TAPA DE ASADO | B10: 16750 | C10: 17590 | D10: 17590 | E10: 16750 | F10: =PRODUCT(E10,G2) -> 17587.5 | J10: Vuelito | K10: 0.48 | N10: =(D7) -> 25950 | O10: =PRODUCT(K10:N10) -> 12456
A11: FALDA DE ESPALDA | B11: 15350 | C11: 16100 | D11: 15900 | E11: 15350 | F11: =PRODUCT(E11,G2) -> 16117.5 | J11: Costilla | K11: 8.85 | N11: =(D8) -> 19500 | O11: =PRODUCT(K11:N11) -> 172575
A12: CORTE AMERICANO | B12: 19300 | C12: 20270 | D12: 19900 | E12: 19300 | F12: =PRODUCT(E12,G2) -> 20265 | J12: Tapa de Nalga | K12: 1.31 | N12: =(D9) -> 19180 | O12: =PRODUCT(K12:N12) -> 25125.8
A13: COSTELETA | B13: 17850 | C13: 18800 | D13: 17900 | E13: 17850 | F13: =PRODUCT(E13,G2) -> 18742.5 | J13: Tapa de Asado | K13: 2.095 | N13: =(D10) -> 17590 | O13: =PRODUCT(K13:N13) -> 36851.05
A14: FILET | B14: 23650 | C14: 24830 | D14: 23830 | E14: 23650 | F14: =PRODUCT(E14,G2) -> 24832.5 | J14: ( oferta asado 4kg.) | K14: 11.61 | N14: =(D42/4) -> 11400 | O14: =PRODUCT(K14:N14) -> 132354
A15: LOMO | B15: 24050 | C15: 25250 | D15: 24850 | E15: 24050 | F15: =PRODUCT(E15,G2) -> 25252.5 | J15: Blandos Especiales: | O15: =PRODUCT(K15:N15) -> 0
A16: PULPA | B16: 24050 | C16: 25250 | D16: 24850 | E16: 24050 | F16: =PRODUCT(E16,G2) -> 25252.5 | J16: Filet | K16: 1.855 | N16: =(D14) -> 23830 | O16: =PRODUCT(K16:N16) -> 44204.65
A17: PICANA | B17: 20600 | C17: 21650 | D17: 20850 | E17: 20600 | F17: =PRODUCT(E17,G2) -> 21630 | J17: Lomo | K17: 5.895 | N17: =(D15) -> 24850 | O17: =PRODUCT(K17:N17) -> 146490.75
A18: PECETO | B18: 21800 | C18: 22890 | D18: 22190 | E18: 21800 | F18: =PRODUCT(E18,G2) -> 22890 | J18: Pulpa | K18: 4.22 | N18: =(D16) -> 24850 | O18: =PRODUCT(K18:N18) -> 104867
A19: BOLA DE LOMO | B19: 18750 | C19: 19750 | D19: 19750 | E19: 18750 | F19: =PRODUCT(E19,G2) -> 19687.5 | J19: Picana | K19: 4.7 | N19: =(D17) -> 20850 | O19: =PRODUCT(K19:N19) -> 97995
A20: CUADRADA | B20: 18750 | C20: 19750 | D20: 19750 | E20: 18750 | F20: =PRODUCT(E20,G2) -> 19687.5 | J20: Peceto | K20: 1.64 | N20: =(D18) -> 22190 | O20: =PRODUCT(K20:N20) -> 36391.6
A21: PALETA | B21: 17590 | C21: 18470 | D21: 18950 | E21: 17590 | F21: =PRODUCT(E21,G2) -> 18469.5 | J21: Bola de Lomo | K21: 4.15 | N21: =(D19) -> 19750 | O21: =PRODUCT(K21:N21) -> 81962.5
A22: SOBACO | B22: 14650 | C22: 15380 | D22: 15380 | E22: 14650 | F22: =PRODUCT(E22,G2) -> 15382.5 | J22: Cuadrada | K22: 3.315 | N22: =(D20) -> 19750 | O22: =PRODUCT(K22:N22) -> 65471.25
A23: TORTUGA | B23: 14650 | C23: 15380 | D23: 15380 | E23: 14650 | F23: =PRODUCT(E23,G2) -> 15382.5 | J23: Paleta | K23: 3.135 | N23: =(D21) -> 18950 | O23: =PRODUCT(K23:N23) -> 59408.25
A24: MOLIDA COMUN | B24: 12050 | C24: 12650 | D24: 11950 | E24: 12050 | F24: =PRODUCT(E24,G2) -> 12652.5 | J24: Blandos Comunes: | O24: =PRODUCT(K24:N24) -> 0
A25: PUCHERO ESPECIAL | B25: 9800 | C25: 10290 | D25: 10400 | E25: 9800 | F25: =PRODUCT(E25,G2) -> 10290 | J25: Sobaco | K25: 3.77 | N25: =(D22) -> 15380 | O25: =PRODUCT(K25:N25) -> 57982.6
A26: PUCHERO PALETA | B26: 9800 | C26: 10290 | D26: 10400 | E26: 9800 | F26: =PRODUCT(E26,G2) -> 10290 | J26: Tortuga | K26: 1.48 | N26: =(D23) -> 15380 | O26: =PRODUCT(K26:N26) -> 22762.4
A27: PUCHERO COGOTE | B27: 9500 | C27: 9975 | D27: 9975 | E27: 9500 | F27: =PRODUCT(E27,G2) -> 9975 | J27: Blando Comun | O27: =PRODUCT(K27:N27) -> 0
A28: PUCHERO COMUN | B28: 2400 | C28: 2500 | D28: 3000 | E28: 2400 | F28: =PRODUCT(E28,G2) -> 2520 | J28: Pucheros Especiales: | O28: =PRODUCT(K28:N28) -> 0
A29: PUCHERO COMUN 3KG | B29: 4300 | C29: 4500 | D29: 7500 | E29: 4300 | F29: =PRODUCT(E29,G2) -> 4515 | J29: Osobuco | K29: 3.545 | N29: =(D25) -> 10400 | O29: =PRODUCT(K29:N29) -> 36868
A30: BUTIFARRA | B30: 11900 | C30: 12490 | D30: 12490 | E30: 11900 | F30: =PRODUCT(E30,G2) -> 12495 | J30: Puchero Comun oferta | K30: 12.44 | N30: =(D29/3) -> 2500 | O30: =PRODUCT(K30:N30) -> 31100
A31: CHORIZO CRIOLLO | B31: 11100 | C31: 11650 | D31: 11850 | E31: 11100 | F31: =PRODUCT(E31,G2) -> 11655 | J31: Grasa parque | K31: 9.395 | N31: 1 | O31: =PRODUCT(K31:N31) -> 9.395
A32: CHORIZO DE CERDO | B32: 11300 | C32: 11850 | D32: 11950 | E32: 11300 | F32: =PRODUCT(E32,G2) -> 11865 | J32: Huesos y Desperdicios | K32: 11.87 | N32: 1 | O32: =PRODUCT(K32:N32) -> 11.87
A33: HAMBURGUESA CARNE | B33: 11900 | C33: 12450 | D33: 12450 | E33: 11900 | F33: =PRODUCT(E33,G2) -> 12495 | J33: Para chori | K33: 5.73 | N33: =(D31) -> 11850 | O33: =PRODUCT(K33:N33) -> 67900.5
A34: MILANESA CARNE | B34: 17200 | C34: 18000 | D34: 18500 | E34: 17200 | F34: =PRODUCT(E34,G2) -> 18060
A35: MOLIDA ESPECIAL | B35: 18900 | C35: 19850 | D35: 19850 | E35: 18900 | F35: =PRODUCT(E35,G2) -> 19845 | J35: Kg Rinde | K35: =SUM(K7:K34) -> 108.795 | N35: =(-O35*100)/O4 -> 20.819717 | O35: =SUM(O4:O34) -> 240342.82
A36: GRASA | B36: 990 | C36: 1100 | D36: 1400 | E36: 990 | F36: =PRODUCT(E36,G2) -> 1039.5
A38: GRANJA DON CHACHO | F38: INCREMENTO | G38: 1.05
A39: OFERTAS DE ASADO | B39: penultimo | C39: ultimo | D39: $ Actual | E39: Pegar $ Actual para calcular incremento | F39: Valor con calculo de incremento
A40: OFERTA 4KG 2+1+1 | B40: 38000 | C40: 39900 | D40: 41900 | E40: 39900 | F40: =PRODUCT(E40,G38) -> 41895
A41: OFERTA ASADO 3KG(2+1) | B41: 33600 | C41: 35300 | D41: 37300 | E41: 35300 | F41: =PRODUCT(E41,G38) -> 37065
A42: OFERTA 4KG 3+1 | B42: 41500 | C42: 43600 | D42: 45600 | E42: 43600 | F42: =PRODUCT(E42,G38) -> 45780
A43: OFERTA 4KG 2+2 | B43: 38000 | C43: 39900 | D43: 41900 | E43: 39900 | F43: =PRODUCT(E43,G38) -> 41895
A44: OF.5KG(3CARNE1CERDO1CHORI) | B44: 47300 | C44: 49700 | D44: 52000 | E44: 49700 | F44: =PRODUCT(E44,G38) -> 52185
D45: S
A46: CERDOS
A47: GRANJA DON CHACHO | F47: INCREMENTO | G47: 1.05 | J47: RINDE CERDO GRANJA DON CHACHO
A48: CERDOS: | B48: penultimo | C48: ultimo | D48: $ Actual | E48: Pegar $ Actual para calcular incremento | F48: Valor con calculo de incremento | J48: 45317 | K48: KGR | N48: PRECIO | O48: TOTALES
A49: PECHITO DE CERDO | B49: 8900 | C49: 9100 | D49: 9550 | E49: 9100 | F49: =PRODUCT(E49,G47) -> 9555 | J49: MEDIA CERDO 36 KG | K49: 44 | L49: -1 | N49: 4000 | O49: =PRODUCT(K49:N49) -> -176000
A50: COSTILLA DE CERDO | B50: 8900 | C50: 9100 | D50: 9550 | E50: 9100 | F50: =PRODUCT(E50,G47) -> 9555 | J50: COSTILLA | K50: 6.49 | N50: =(D50) -> 9550 | O50: =PRODUCT(K50:N50) -> 61979.5
A51: MATAMBRE DE CERDO | B51: 18400 | C51: 18900 | D51: 19900 | E51: 18900 | F51: =PRODUCT(E51,G47) -> 19845 | J51: MATAMBRE | K51: 1 | N51: =(D51) -> 19900 | O51: =PRODUCT(K51:N51) -> 19900
A52: BONDIOLA | B52: 9200 | C52: 9500 | D52: 9975 | E52: 9500 | F52: =PRODUCT(E52,G47) -> 9975 | J52: BONDIOLA | K52: 1.83 | N52: =(D52) -> 9975 | O52: =PRODUCT(K52:N52) -> 18254.25
A53: COSTELETA DE CERDO | B53: 8400 | C53: 8800 | D53: 9250 | E53: 8800 | F53: =PRODUCT(E53,G47) -> 9240 | J53: COSTELETA | K53: 4.79 | N53: =(D53) -> 9250 | O53: =PRODUCT(K53:N53) -> 44307.5
A54: PERNIL | B54: 5700 | C54: 5700 | D54: 5900 | E54: 5700 | F54: =PRODUCT(E54,G47) -> 5985 | J54: PERNIL | K54: 11.34 | N54: =(D54) -> 5900 | O54: =PRODUCT(K54:N54) -> 66906
A55: PALETA DE CERDO | B55: 5200 | C55: 5200 | D55: 5450 | E55: 5200 | F55: =PRODUCT(E55,G47) -> 5460 | J55: PALETA | K55: 5.34 | N55: =(D55) -> 5450 | O55: =PRODUCT(K55:N55) -> 29103
A56: MILANESA CERDO | B56: 9000 | C56: 9700 | D56: 10180 | E56: 9700 | F56: =PRODUCT(E56,G47) -> 10185 | J56: CUERO y CABEZA | K56: 5.06 | N56: 0 | O56: =PRODUCT(K56:N56) -> 0
A57: HAMBURGUESA DE CERDO | B57: 8900 | C57: 8900 | D57: 9340 | E57: 8900 | F57: =PRODUCT(E57,G47) -> 9345 | J57: GRASA | K57: 3.8 | N57: 0 | O57: =PRODUCT(K57:N57) -> 0
A58: MOLIDA DE CERDO | E58: 4890 | F58: =PRODUCT(E58,G47) -> 5134.5 | J58: PATITAS Y DESPERDICIO | K58: 1.7 | N58: 0 | O58: =PRODUCT(K58:N58) -> 0
J59: PARA CHORIZO | K59: 1.46 | N59: 0 | O59: =PRODUCT(K59:N59) -> 0
J60: Kg Rinde | K60: =SUM(K50:K59) -> 42.81 | M60: 20 | N60: =(O60*100)/-O49 -> 36.61946 | O60: =SUM(O49:O59) -> 64450.25
A62: POLLOS
A63: GRANJA DON CHACHO | F63: INCREMENTO | G63: 1.07 | J63: RINDE POLLO GRANJA DON CHACHO
A64: POLLOS: | B64: penultimo | C64: ultimo | D64: $ Actual | E64: Pegar $ Actual para calcular incremento | F64: Valor con calculo de incremento | K64: KGR | N64: PRECIO | O64: TOTALES
A65: POLLO ENTERO | B65: 4690 | C65: 4975 | D65: 5350 | E65: 4975 | F65: =PRODUCT(E65,G63) -> 5323.25 | J65: CAJA POLLO CAL. 8 | K65: 20 | L65: -1 | N65: 4000 | O65: =PRODUCT(K65:N65) -> -80000
A66: TROZADO | B66: 5980 | C66: 6400 | D66: 6850 | E66: 6400 | F66: =PRODUCT(E66,G63) -> 6848 | J66: PECHUGAS | K66: 4.89 | N66: =(D68) -> 10850 | O66: =PRODUCT(K66:N66) -> 53056.5
A67: SUPREMAS | B67: 9650 | C67: 9980 | D67: 10580 | E67: 9980 | F67: =PRODUCT(E67,G63) -> 10678.6 | J67: PATA MUSLO | K67: 7.38 | N67: =(D70) -> 6100 | O67: =PRODUCT(K67:N67) -> 45018
A68: PECHUGA Y BIFE | B68: 9650 | C68: 10280 | D68: 10850 | E68: 10280 | F68: =PRODUCT(E68,G63) -> 10999.6 | J68: ALITAS | K68: 2.24 | N68: =(D71) -> 4900 | O68: =PRODUCT(K68:N68) -> 10976
A69: BIFE DE PATA MUSLO | B69: 10500 | C69: 11300 | D69: 12000 | E69: 11300 | F69: =PRODUCT(E69,G63) -> 12091 | J69: MENUDO | K69: 1.37 | N69: =(D72) -> 1800 | O69: =PRODUCT(K69:N69) -> 2466
A70: PATA MUSLO C/RABADILLA | B70: 5450 | C70: 5750 | D70: 6100 | E70: 5750 | F70: =PRODUCT(E70,G63) -> 6152.5 | J70: PUCHERO | K70: 3.39 | N70: =(D73) -> 500 | O70: =PRODUCT(K70:N70) -> 1695
A71: ALITAS | B71: 4280 | C71: 4580 | D71: 4900 | E71: 4580 | F71: =PRODUCT(E71,G63) -> 4900.6 | J71: Kg Rinde | K71: =SUM(K66:K70) -> 19.27 | N71: =(O71*100)/-O65 -> 41.514375 | O71: =SUM(O65:O70) -> 33211.5
A72: MENUDOS | B72: 1700 | C72: 1800 | D72: 1800 | E72: 1800 | F72: =PRODUCT(E72,G63) -> 1926 | N72: 46.1
A73: PUCHERO | B73: 500 | C73: 500 | D73: 500 | E73: 500 | F73: =PRODUCT(E73,G63) -> 535
A74: OFERTA 3KG PATA | B74: 15500 | C74: 16500 | D74: 17500 | E74: 16500 | F74: =PRODUCT(E74,G63) -> 17655 | N74: 3500
A75: HAMBURGUESA DE POLLO | B75: 8500 | C75: 9000 | D75: 9700 | E75: 9000 | F75: =PRODUCT(E75,G63) -> 9630
A78: DESPOSTE
A79: GRANJA DON CHACHO | F79: INCREMENTO | G79: 1
A80: DESPOSTE | C80: $ VIEJO | D80: $ Actual | E80: Pegar $ Actual para calcular incremento | F80: Valor con calculo de incremento
A81: COSTILLAR COMPLETO | D81: 9900 | E81: 3000 | F81: =PRODUCT(E81,G79) -> 3000
A82: PIERNA MOCHA | E82: 1515 | F82: =PRODUCT(E82,G79) -> 1515
A83: PIERNA PISTOLA | E83: 1540 | F83: =PRODUCT(E83,G79) -> 1540

Sheet PESAJES BALANCE 
B2: CHACHO 1 | J2: CHACHO 2 | R2: DON CHACHO 3 | Z2: CABAÑA DEL VALLE
B3: CORTES | C3: PESO | G3: PRECIO | H3: TOTAL | J3: CORTES | K3: PESO | O3: PRECIO | P3: TOTAL | R3: CORTES | S3: PESO | W3: PRECIO | X3: TOTAL | Z3: CORTES | AA3: PESO | AE3: PRECIO | AF3: TOTAL
B4: CARNE | H4: =SUM(H5:H41) -> #REF! | J4: CARNE | P4: =SUM(P5:P41) -> #REF! | R4: CARNE | X4: =SUM(X5:X41) -> #REF! | Z4: CARNE | AF4: =SUM(AF5:AF41) -> #REF!
B5: MEDIA RES DE CARNE | G5: =('DON CHACHO'!N4) -> 10400 | H5: =(G5*SUM(C5:F5)) -> 0 | J5: MEDIA RES DE CARNE | O5: =G5 -> 10400 | P5: =(O5*SUM(K5:N5)) -> 0 | R5: MEDIA RES DE CARNE | W5: =G5 -> 10400 | X5: =(W5*SUM(S5:V5)) -> 0 | Z5: MEDIA RES DE CARNE | AE5: =G5 -> 10400 | AF5: =(AE5*SUM(AA5:AD5)) -> 0
B6: OCTAVO | G6: =#REF! -> #REF! | H6: =(G6*SUM(C6:F6)) -> #REF! | J6: OCTAVO | O6: 4500 | P6: =(O6*SUM(K6:N6)) -> 0 | R6: OCTAVO | W6: =G6 -> #REF! | X6: =(W6*SUM(S6:V6)) -> #REF! | Z6: OCTAVO | AE6: =G6 -> #REF! | AF6: =(AE6*SUM(AA6:AD6)) -> #REF!
B7: COSTILLAR COMPLETO | G7: =(#REF!) -> #REF! | H7: =(G7*SUM(C7:F7)) -> #REF! | J7: COSTILLAR COMPLETO | O7: =G7 -> #REF! | P7: =(O7*SUM(K7:N7)) -> #REF! | R7: COSTILLAR COMPLETO | W7: =G7 -> #REF! | X7: =(W7*SUM(S7:V7)) -> #REF! | Z7: COSTILLAR COMPLETO | AE7: =G7 -> #REF! | AF7: =(AE7*SUM(AA7:AD7)) -> #REF!
B8: VACIO | G8: =('DON CHACHO'!D4) -> 22990 | H8: =(G8*SUM(C8:F8)) -> 0 | J8: VACIO | O8: =G8 -> 22990 | P8: =(O8*SUM(K8:N8)) -> 0 | R8: VACIO | W8: =G8 -> 22990 | X8: =(W8*SUM(S8:V8)) -> 0 | Z8: VACIO | AE8: =G8 -> 22990 | AF8: =(AE8*SUM(AA8:AD8)) -> 0
B9: QUEPERI | G9: =('DON CHACHO'!D5) -> 22950 | H9: =(G9*SUM(C9:F9)) -> 0 | J9: QUEPERI | O9: =G9 -> 22950 | P9: =(O9*SUM(K9:N9)) -> 0 | R9: QUEPERI | W9: =G9 -> 22950 | X9: =(W9*SUM(S9:V9)) -> 0 | Z9: QUEPERI | AE9: =G9 -> 22950 | AF9: =(AE9*SUM(AA9:AD9)) -> 0
B10: MATAMBRE | G10: =('DON CHACHO'!D51) -> 19900 | H10: =(G10*SUM(C10:F10)) -> 0 | J10: MATAMBRE | K10: 6.2 | O10: =G10 -> 19900 | P10: =(O10*SUM(K10:N10)) -> 123380 | R10: MATAMBRE | S10: 10.17 | T10: 3.31 | U10: 6 | W10: =G10 -> 19900 | X10: =(W10*SUM(S10:V10)) -> 387652 | Z10: MATAMBRE | AA10: 3 | AB10: 2.2 | AC10: 6.7 | AE10: =G10 -> 19900 | AF10: =(AE10*SUM(AA10:AD10)) -> 236810
B11: VUELITO | G11: =('DON CHACHO'!D7) -> 25950 | H11: =(G11*SUM(C11:F11)) -> 0 | J11: VUELITO | O11: =G11 -> 25950 | P11: =(O11*SUM(K11:N11)) -> 0 | R11: VUELITO | W11: =G11 -> 25950 | X11: =(W11*SUM(S11:V11)) -> 0 | Z11: VUELITO | AE11: =G11 -> 25950 | AF11: =(AE11*SUM(AA11:AD11)) -> 0
B12: COSTILLA ESPECIAL | G12: =('DON CHACHO'!D8) -> 19500 | H12: =(G12*SUM(C12:F12)) -> 0 | J12: COSTILLA ESPECIAL | K12: 4 | O12: =G12 -> 19500 | P12: =(O12*SUM(K12:N12)) -> 78000 | R12: COSTILLA ESPECIAL | W12: =G12 -> 19500 | X12: =(W12*SUM(S12:V12)) -> 0 | Z12: COSTILLA ESPECIAL | AA12: 17.6 | AB12: 3.9 | AE12: =G12 -> 19500 | AF12: =(AE12*SUM(AA12:AD12)) -> 419250
B13: TAPA DE NALGA | G13: =('DON CHACHO'!D9) -> 19180 | H13: =(G13*SUM(C13:F13)) -> 0 | J13: TAPA DE NALGA | O13: =G13 -> 19180 | P13: =(O13*SUM(K13:N13)) -> 0 | R13: TAPA DE NALGA | S13: 3 | W13: =G13 -> 19180 | X13: =(W13*SUM(S13:V13)) -> 57540 | Z13: TAPA DE NALGA | AA13: 22.5 | AB13: 2.3 | AE13: =G13 -> 19180 | AF13: =(AE13*SUM(AA13:AD13)) -> 475664
B14: TAPA DE ASADO | G14: =('DON CHACHO'!D10) -> 17590 | H14: =(G14*SUM(C14:F14)) -> 0 | J14: TAPA DE ASADO | O14: =G14 -> 17590 | P14: =(O14*SUM(K14:N14)) -> 0 | R14: TAPA DE ASADO | W14: =G14 -> 17590 | X14: =(W14*SUM(S14:V14)) -> 0 | Z14: TAPA DE ASADO | AE14: =G14 -> 17590 | AF14: =(AE14*SUM(AA14:AD14)) -> 0
B15: PIERNA | C15: 154.1 | G15: 7700 | H15: =(G15*SUM(C15:F15)) -> 1186570 | J15: PIERNA | K15: 183.8 | O15: =G15 -> 7700 | P15: =(O15*SUM(K15:N15)) -> 1415260 | R15: PIERNA | W15: =G15 -> 7700 | X15: =(W15*SUM(S15:V15)) -> 0 | Z15: PIERNA | AA15: 37.5 | AB15: 34 | AC15: 30.5 | AD15: 31 | AE15: =G15 -> 7700 | AF15: =(AE15*SUM(AA15:AD15)) -> 1024100
B16: FALDA DE ESPALDA | G16: =('DON CHACHO'!D11) -> 15900 | H16: =(G16*SUM(C16:F16)) -> 0 | J16: FALDA DE ESPALDA | O16: =G16 -> 15900 | P16: =(O16*SUM(K16:N16)) -> 0 | R16: FALDA DE ESPALDA | S16: 14.4 | W16: =G16 -> 15900 | X16: =(W16*SUM(S16:V16)) -> 228960 | Z16: FALDA DE ESPALDA | AE16: =G16 -> 15900 | AF16: =(AE16*SUM(AA16:AD16)) -> 0
B17: CORTE AMERICANO | G17: =('DON CHACHO'!D12) -> 19900 | H17: =(G17*SUM(C17:F17)) -> 0 | J17: CORTE AMERICANO | O17: =G17 -> 19900 | P17: =(O17*SUM(K17:N17)) -> 0 | R17: CORTE AMERICANO | W17: =G17 -> 19900 | X17: =(W17*SUM(S17:V17)) -> 0 | Z17: CORTE AMERICANO | AE17: =G17 -> 19900 | AF17: =(AE17*SUM(AA17:AD17)) -> 0
B18: COSTELETA | C18: 192 | D18: 11 | G18: =('DON CHACHO'!D13) -> 17900 | H18: =(G18*SUM(C18:F18)) -> 3633700 | J18: COSTELETA | K18: 23.7 | L18: 1.4 | O18: =G18 -> 17900 | P18: =(O18*SUM(K18:N18)) -> 449290 | R18: COSTELETA | S18: 5.7 | T18: 2.9 | W18: =G18 -> 17900 | X18: =(W18*SUM(S18:V18)) -> 153940 | Z18: COSTELETA | AA18: 15 | AB18: 38 | AC18: 2.7 | AE18: =G18 -> 17900 | AF18: =(AE18*SUM(AA18:AD18)) -> 997030
B19: FILET | C19: 18 | D19: 1 | G19: =('DON CHACHO'!D14) -> 23830 | H19: =(G19*SUM(C19:F19)) -> 452770 | J19: FILET | K19: 3.3 | O19: =G19 -> 23830 | P19: =(O19*SUM(K19:N19)) -> 78639 | R19: FILET | W19: =G19 -> 23830 | X19: =(W19*SUM(S19:V19)) -> 0 | Z19: FILET | AA19: 1 | AE19: =G19 -> 23830 | AF19: =(AE19*SUM(AA19:AD19)) -> 23830
B20: LOMO | G20: =('DON CHACHO'!D15) -> 24850 | H20: =(G20*SUM(C20:F20)) -> 0 | J20: LOMO | K20: 2.8 | O20: =G20 -> 24850 | P20: =(O20*SUM(K20:N20)) -> 69580 | R20: LOMO | W20: =G20 -> 24850 | X20: =(W20*SUM(S20:V20)) -> 0 | Z20: LOMO | AE20: =G20 -> 24850 | AF20: =(AE20*SUM(AA20:AD20)) -> 0
B21: PULPA | C21: 25 | G21: =('DON CHACHO'!D16) -> 24850 | H21: =(G21*SUM(C21:F21)) -> 621250 | J21: PULPA | K21: 12.2 | O21: =G21 -> 24850 | P21: =(O21*SUM(K21:N21)) -> 303170 | R21: PULPA | S21: 4.8 | W21: =G21 -> 24850 | X21: =(W21*SUM(S21:V21)) -> 119280 | Z21: PULPA | AA21: 6 | AB21: 8.9 | AE21: =G21 -> 24850 | AF21: =(AE21*SUM(AA21:AD21)) -> 370265
B22: PICANA | C22: 15 | D22: 1.1 | G22: =('DON CHACHO'!D17) -> 20850 | H22: =(G22*SUM(C22:F22)) -> 335685 | J22: PICANA | K22: 3.6 | O22: =G22 -> 20850 | P22: =(O22*SUM(K22:N22)) -> 75060 | R22: PICANA | S22: 1.38 | T22: 2.94 | W22: =G22 -> 20850 | X22: =(W22*SUM(S22:V22)) -> 90072 | Z22: PICANA | AA22: 3.5 | AB22: 7.8 | AE22: =G22 -> 20850 | AF22: =(AE22*SUM(AA22:AD22)) -> 235605
B23: PECETO | C23: 6.5 | G23: =('DON CHACHO'!D18) -> 22190 | H23: =(G23*SUM(C23:F23)) -> 144235 | J23: PECETO | K23: 7 | O23: =G23 -> 22190 | P23: =(O23*SUM(K23:N23)) -> 155330 | R23: PECETO | S23: 2.44 | W23: =G23 -> 22190 | X23: =(W23*SUM(S23:V23)) -> 54143.6 | Z23: PECETO | AA23: 3 | AB23: 1.6 | AE23: =G23 -> 22190 | AF23: =(AE23*SUM(AA23:AD23)) -> 102074
B24: BOLA DE LOMO | G24: =('DON CHACHO'!D19) -> 19750 | H24: =(G24*SUM(C24:F24)) -> 0 | J24: BOLA DE LOMO | K24: 1.3 | O24: =G24 -> 19750 | P24: =(O24*SUM(K24:N24)) -> 25675 | R24: BOLA DE LOMO | S24: 5.66 | W24: =G24 -> 19750 | X24: =(W24*SUM(S24:V24)) -> 111785 | Z24: BOLA DE LOMO | AA24: 1.3 | AE24: =G24 -> 19750 | AF24: =(AE24*SUM(AA24:AD24)) -> 25675
B25: CUADRADA | C25: 12 | G25: =('DON CHACHO'!D20) -> 19750 | H25: =(G25*SUM(C25:F25)) -> 237000 | J25: CUADRADA | O25: =G25 -> 19750 | P25: =(O25*SUM(K25:N25)) -> 0 | R25: CUADRADA | S25: 6.2 | W25: =G25 -> 19750 | X25: =(W25*SUM(S25:V25)) -> 122450 | Z25: CUADRADA | AE25: =G25 -> 19750 | AF25: =(AE25*SUM(AA25:AD25)) -> 0
B26: PALETA | G26: =('DON CHACHO'!D21) -> 18950 | H26: =(G26*SUM(C26:F26)) -> 0 | J26: PALETA | O26: =G26 -> 18950 | P26: =(O26*SUM(K26:N26)) -> 0 | R26: PALETA | W26: =G26 -> 18950 | X26: =(W26*SUM(S26:V26)) -> 0 | Z26: PALETA | AA26: 10 | AE26: =G26 -> 18950 | AF26: =(AE26*SUM(AA26:AD26)) -> 189500
B27: SOBACO | G27: =('DON CHACHO'!D22) -> 15380 | H27: =(G27*SUM(C27:F27)) -> 0 | J27: SOBACO | O27: =G27 -> 15380 | P27: =(O27*SUM(K27:N27)) -> 0 | R27: SOBACO | S27: 1.4 | W27: =G27 -> 15380 | X27: =(W27*SUM(S27:V27)) -> 21532 | Z27: SOBACO | AE27: =G27 -> 15380 | AF27: =(AE27*SUM(AA27:AD27)) -> 0
B28: TORTUGA | G28: =('DON CHACHO'!D23) -> 15380 | H28: =(G28*SUM(C28:F28)) -> 0 | J28: TORTUGA | K28: 2 | O28: =G28 -> 15380 | P28: =(O28*SUM(K28:N28)) -> 30760 | R28: TORTUGA | W28: =G28 -> 15380 | X28: =(W28*SUM(S28:V28)) -> 0 | Z28: TORTUGA | AE28: =G28 -> 15380 | AF28: =(AE28*SUM(AA28:AD28)) -> 0
B29: MOLIDA COMUN | G29: =('DON CHACHO'!D24) -> 11950 | H29: =(G29*SUM(C29:F29)) -> 0 | J29: MOLIDA COMUN | O29: =G29 -> 11950 | P29: =(O29*SUM(K29:N29)) -> 0 | R29: MOLIDA COMUN | S29: 7.9 | T29: 7 | U29: 2.6 | V29: 1.2 | W29: =G29 -> 11950 | X29: =(W29*SUM(S29:V29)) -> 223465 | Z29: MOLIDA COMUN | AE29: =G29 -> 11950 | AF29: =(AE29*SUM(AA29:AD29)) -> 0
B30: PUCHERO ESPECIAL | G30: =('DON CHACHO'!D25) -> 10400 | H30: =(G30*SUM(C30:F30)) -> 0 | J30: PUCHERO ESPECIAL | K30: 1.8 | O30: =G30 -> 10400 | P30: =(O30*SUM(K30:N30)) -> 18720 | R30: PUCHERO ESPECIAL | S30: 5.4 | T30: 8.8 | W30: =G30 -> 10400 | X30: =(W30*SUM(S30:V30)) -> 147680 | Z30: PUCHERO ESPECIAL | AA30: 2.5 | AE30: =G30 -> 10400 | AF30: =(AE30*SUM(AA30:AD30)) -> 26000
B31: PUCHERO PALETA | G31: =('DON CHACHO'!D26) -> 10400 | H31: =(G31*SUM(C31:F31)) -> 0 | J31: PUCHERO PALETA | O31: =G31 -> 10400 | P31: =(O31*SUM(K31:N31)) -> 0 | R31: PUCHERO PALETA | W31: =G31 -> 10400 | X31: =(W31*SUM(S31:V31)) -> 0 | Z31: PUCHERO PALETA | AE31: =G31 -> 10400 | AF31: =(AE31*SUM(AA31:AD31)) -> 0
B32: PUCHERO COGOTE | C32: 1.5 | G32: =('DON CHACHO'!D27) -> 9975 | H32: =(G32*SUM(C32:F32)) -> 14962.5 | J32: PUCHERO COGOTE | O32: =G32 -> 9975 | P32: =(O32*SUM(K32:N32)) -> 0 | R32: PUCHERO COGOTE | W32: =G32 -> 9975 | X32: =(W32*SUM(S32:V32)) -> 0 | Z32: PUCHERO COGOTE | AE32: =G32 -> 9975 | AF32: =(AE32*SUM(AA32:AD32)) -> 0
B33: PUCHERO COMUN | C33: 6.4 | G33: =('DON CHACHO'!D28) -> 3000 | H33: =(G33*SUM(C33:F33)) -> 19200 | J33: PUCHERO COMUN | O33: =G33 -> 3000 | P33: =(O33*SUM(K33:N33)) -> 0 | R33: PUCHERO COMUN | S33: 15.4 | T33: 2.6 | U33: 3.5 | W33: =G33 -> 3000 | X33: =(W33*SUM(S33:V33)) -> 64500 | Z33: PUCHERO COMUN | AA33: 2.3 | AE33: =G33 -> 3000 | AF33: =(AE33*SUM(AA33:AD33)) -> 6900
B34: PUCHERO COMUN 3KG | G34: =('DON CHACHO'!D29) -> 7500 | H34: =(G34*SUM(C34:F34)) -> 0 | J34: PUCHERO COMUN 3KG | O34: =G34 -> 7500 | P34: =(O34*SUM(K34:N34)) -> 0 | R34: PUCHERO COMUN 3KG | W34: =G34 -> 7500 | X34: =(W34*SUM(S34:V34)) -> 0 | Z34: PUCHERO COMUN 3KG | AE34: =G34 -> 7500 | AF34: =(AE34*SUM(AA34:AD34)) -> 0
B35: BUTIFARRA | C35: 25 | G35: =('DON CHACHO'!D30) -> 12490 | H35: =(G35*SUM(C35:F35)) -> 312250 | J35: BUTIFARRA | O35: =G35 -> 12490 | P35: =(O35*SUM(K35:N35)) -> 0 | R35: BUTIFARRA | S35: 2.8 | W35: =G35 -> 12490 | X35: =(W35*SUM(S35:V35)) -> 34972 | Z35: BUTIFARRA | AA35: 8 | AB35: 3 | AE35: =G35 -> 12490 | AF35: =(AE35*SUM(AA35:AD35)) -> 137390
B36: CHORIZO CRIOLLO | C36: 90 | D36: 15 | E36: 5 | G36: =('DON CHACHO'!D31) -> 11850 | H36: =(G36*SUM(C36:F36)) -> 1303500 | J36: CHORIZO CRIOLLO | K36: 14.4 | L36: 30 | O36: =G36 -> 11850 | P36: =(O36*SUM(K36:N36)) -> 526140 | R36: CHORIZO CRIOLLO | S36: 51.5 | T36: 9.1 | U36: 2.55 | W36: =G36 -> 11850 | X36: =(W36*SUM(S36:V36)) -> 748327.5 | Z36: CHORIZO CRIOLLO | AA36: 35 | AB36: 1.2 | AC36: 0.4 | AE36: =G36 -> 11850 | AF36: =(AE36*SUM(AA36:AD36)) -> 433710
B37: CHORIZO DE CERDO | C37: 27 | D37: 4 | G37: =('DON CHACHO'!D32) -> 11950 | H37: =(G37*SUM(C37:F37)) -> 370450 | J37: CHORIZO DE CERDO | K37: 6.9 | O37: =G37 -> 11950 | P37: =(O37*SUM(K37:N37)) -> 82455 | R37: CHORIZO DE CERDO | S37: 5.3 | T37: 1.6 | W37: =G37 -> 11950 | X37: =(W37*SUM(S37:V37)) -> 82455 | Z37: CHORIZO DE CERDO | AA37: 23 | AB37: 1.5 | AE37: =G37 -> 11950 | AF37: =(AE37*SUM(AA37:AD37)) -> 292775
B38: HAMBURGUESA CARNE | C38: 10 | G38: =('DON CHACHO'!D33) -> 12450 | H38: =(G38*SUM(C38:F38)) -> 124500 | J38: HAMBURGUESA CARNE | K38: 35 | O38: =G38 -> 12450 | P38: =(O38*SUM(K38:N38)) -> 435750 | R38: HAMBURGUESA CARNE | S38: 29.3 | W38: =G38 -> 12450 | X38: =(W38*SUM(S38:V38)) -> 364785 | Z38: HAMBURGUESA CARNE | AE38: =G38 -> 12450 | AF38: =(AE38*SUM(AA38:AD38)) -> 0
B39: MILANESA CARNE | G39: =('DON CHACHO'!D34) -> 18500 | H39: =(G39*SUM(C39:F39)) -> 0 | J39: MILANESA CARNE | O39: =G39 -> 18500 | P39: =(O39*SUM(K39:N39)) -> 0 | R39: MILANESA CARNE | S39: 2.8 | W39: =G39 -> 18500 | X39: =(W39*SUM(S39:V39)) -> 51800 | Z39: MILANESA CARNE | AA39: 6 | AE39: =G39 -> 18500 | AF39: =(AE39*SUM(AA39:AD39)) -> 111000
B40: MOLIDA ESPECIAL | G40: =('DON CHACHO'!D35) -> 19850 | H40: =(G40*SUM(C40:F40)) -> 0 | J40: MOLIDA ESPECIAL | O40: =G40 -> 19850 | P40: =(O40*SUM(K40:N40)) -> 0 | R40: MOLIDA ESPECIAL | W40: =G40 -> 19850 | X40: =(W40*SUM(S40:V40)) -> 0 | Z40: MOLIDA ESPECIAL | AE40: =G40 -> 19850 | AF40: =(AE40*SUM(AA40:AD40)) -> 0
B41: GRASA | G41: =('DON CHACHO'!D36) -> 1400 | H41: =(G41*SUM(C41:F41)) -> 0 | J41: GRASA | O41: =G41 -> 1400 | P41: =(O41*SUM(K41:N41)) -> 0 | R41: GRASA | W41: =G41 -> 1400 | X41: =(W41*SUM(S41:V41)) -> 0 | Z41: GRASA | AE41: =G41 -> 1400 | AF41: =(AE41*SUM(AA41:AD41)) -> 0
B42: CERDO | H42: =SUM(H43:H53) -> 3469330 | J42: CERDO | P42: =SUM(P43:P53) -> 1515080 | R42: CERDO | X42: =SUM(X43:X53) -> 464066 | Z42: CERDO | AF42: =SUM(AF43:AF53) -> 1602800
B43: MEDIA RES DE CERDO | C43: 716 | G43: ='DON CHACHO'!N49 -> 4000 | H43: =(G43*SUM(C43:F43)) -> 2864000 | J43: MEDIA RES DE CERDO | K43: 273 | O43: =G43 -> 4000 | P43: =(O43*SUM(K43:N43)) -> 1092000 | R43: MEDIA RES DE CERDO | S43: 35 | W43: =G43 -> 4000 | X43: =(W43*SUM(S43:V43)) -> 140000 | Z43: MEDIA RES DE CERDO | AA43: 67 | AB43: 77 | AC43: 78 | AD43: 76 | AE43: =G43 -> 4000 | AF43: =(AE43*SUM(AA43:AD43)) -> 1192000
B44: PECHITO DE CERDO | G44: {=('DON CHACHO'!D49:D58)} -> 9550 | H44: =(G44*SUM(C44:F44)) -> 0 | J44: PECHITO DE CERDO | O44: =G44 -> 9550 | P44: =(O44*SUM(K44:N44)) -> 0 | R44: PECHITO DE CERDO | W44: =G44 -> 9550 | X44: =(W44*SUM(S44:V44)) -> 0 | Z44: PECHITO DE CERDO | AA44: 1.9 | AE44: =G44 -> 9550 | AF44: =(AE44*SUM(AA44:AD44)) -> 18145
B45: COSTILLA DE CERDO | C45: 3.2 | G45: 9550 | H45: =(G45*SUM(C45:F45)) -> 30560 | J45: COSTILLA DE CERDO | O45: =G45 -> 9550 | P45: =(O45*SUM(K45:N45)) -> 0 | R45: COSTILLA DE CERDO | S45: 6.8 | T45: 1.7 | W45: =G45 -> 9550 | X45: =(W45*SUM(S45:V45)) -> 81175 | Z45: COSTILLA DE CERDO | AE45: =G45 -> 9550 | AF45: =(AE45*SUM(AA45:AD45)) -> 0
B46: MATAMBRE DE CERDO | G46: 19900 | H46: =(G46*SUM(C46:F46)) -> 0 | J46: MATAMBRE DE CERDO | K46: 5.7 | O46: =G46 -> 19900 | P46: =(O46*SUM(K46:N46)) -> 113430 | R46: MATAMBRE DE CERDO | S46: 0.84 | W46: =G46 -> 19900 | X46: =(W46*SUM(S46:V46)) -> 16716 | Z46: MATAMBRE DE CERDO | AA46: 1 | AB46: 2.7 | AE46: =G46 -> 19900 | AF46: =(AE46*SUM(AA46:AD46)) -> 73630
B47: BONDIOLA | C47: 1.8 | G47: 9975 | H47: =(G47*SUM(C47:F47)) -> 17955 | J47: BONDIOLA | O47: =G47 -> 9975 | P47: =(O47*SUM(K47:N47)) -> 0 | R47: BONDIOLA | W47: =G47 -> 9975 | X47: =(W47*SUM(S47:V47)) -> 0 | Z47: BONDIOLA | AA47: 1.8 | AE47: =G47 -> 9975 | AF47: =(AE47*SUM(AA47:AD47)) -> 17955
B48: COSTELETA DE CERDO | C48: 56.4 | D48: 2.5 | G48: 9250 | H48: =(G48*SUM(C48:F48)) -> 544825 | J48: COSTELETA DE CERDO | K48: 12.6 | L48: 2 | O48: =G48 -> 9250 | P48: =(O48*SUM(K48:N48)) -> 135050 | R48: COSTELETA DE CERDO | S48: 19.6 | T48: 2.2 | W48: =G48 -> 9250 | X48: =(W48*SUM(S48:V48)) -> 201650 | Z48: COSTELETA DE CERDO | AA48: 10.5 | AB48: 2.9 | AE48: =G48 -> 9250 | AF48: =(AE48*SUM(AA48:AD48)) -> 123950
B49: PERNIL | G49: 5900 | H49: =(G49*SUM(C49:F49)) -> 0 | J49: PERNIL | K49: 8.4 | O49: =G49 -> 5900 | P49: =(O49*SUM(K49:N49)) -> 49560 | R49: PERNIL | W49: =G49 -> 5900 | X49: =(W49*SUM(S49:V49)) -> 0 | Z49: PERNIL | AA49: 4.7 | AE49: =G49 -> 5900 | AF49: =(AE49*SUM(AA49:AD49)) -> 27730
B50: PALETA DE CERDO | C50: 2.2 | G50: 5450 | H50: =(G50*SUM(C50:F50)) -> 11990 | J50: PALETA DE CERDO | K50: 3.4 | L50: 4.6 | O50: =G50 -> 5450 | P50: =(O50*SUM(K50:N50)) -> 43600 | R50: PALETA DE CERDO | S50: 4.5 | W50: =G50 -> 5450 | X50: =(W50*SUM(S50:V50)) -> 24525 | Z50: PALETA DE CERDO | AA50: 4.7 | AB50: 5.9 | AE50: =G50 -> 5450 | AF50: =(AE50*SUM(AA50:AD50)) -> 57770
B51: MILANESA CERDO | G51: 10180 | H51: =(G51*SUM(C51:F51)) -> 0 | J51: MILANESA CERDO | K51: 8 | O51: =G51 -> 10180 | P51: =(O51*SUM(K51:N51)) -> 81440 | R51: MILANESA CERDO | W51: =G51 -> 10180 | X51: =(W51*SUM(S51:V51)) -> 0 | Z51: MILANESA CERDO | AA51: 9 | AE51: =G51 -> 10180 | AF51: =(AE51*SUM(AA51:AD51)) -> 91620
B52: HAMBURGUESA DE CERDO | G52: 9340 | H52: =(G52*SUM(C52:F52)) -> 0 | J52: HAMBURGUESA DE CERDO | O52: =G52 -> 9340 | P52: =(O52*SUM(K52:N52)) -> 0 | R52: HAMBURGUESA DE CERDO | W52: =G52 -> 9340 | X52: =(W52*SUM(S52:V52)) -> 0 | Z52: HAMBURGUESA DE CERDO | AE52: =G52 -> 9340 | AF52: =(AE52*SUM(AA52:AD52)) -> 0
B53: MOLIDA DE CERDO | H53: =(G53*SUM(C53:F53)) -> 0 | J53: MOLIDA DE CERDO | O53: =G53 | P53: =(O53*SUM(K53:N53)) -> 0 | R53: MOLIDA DE CERDO | W53: =G53 | X53: =(W53*SUM(S53:V53)) -> 0 | Z53: MOLIDA DE CERDO | AE53: =G53 | AF53: =(AE53*SUM(AA53:AD53)) -> 0
B54: POLLO | H54: =SUM(H55:H66) -> 849746 | J54: POLLO | P54: =SUM(P55:P66) -> 452900 | R54: POLLO | X54: =SUM(X55:X66) -> 66057 | Z54: POLLO | AF54: =SUM(AF55:AF66) -> 433335
B55: CAJA DE POLLO | C55: 3 | G55: =('DON CHACHO'!O65)*-1 -> 80000 | H55: =(G55*SUM(C55:F55)) -> 240000 | J55: CAJA DE POLLO | K55: 5 | O55: =G55 -> 80000 | P55: =(O55*SUM(K55:N55)) -> 400000 | R55: CAJA DE POLLO | W55: =G55 -> 80000 | X55: =(W55*SUM(S55:V55)) -> 0 | Z55: CAJA DE POLLO | AA55: 2 | AE55: =G55 -> 80000 | AF55: =(AE55*SUM(AA55:AD55)) -> 160000
B56: POLLO ENTERO | C56: 8 | G56: {=('DON CHACHO'!D65:D75)} -> 5350 | H56: =(G56*SUM(C56:F56)) -> 42800 | J56: POLLO ENTERO | O56: =G56 -> 5350 | P56: =(O56*SUM(K56:N56)) -> 0 | R56: POLLO ENTERO | S56: 7.5 | W56: =G56 -> 5350 | X56: =(W56*SUM(S56:V56)) -> 40125 | Z56: POLLO ENTERO | AA56: 8.5 | AE56: =G56 -> 5350 | AF56: =(AE56*SUM(AA56:AD56)) -> 45475
B57: TROZADO | C57: 3.1 | G57: 6850 | H57: =(G57*SUM(C57:F57)) -> 21235 | J57: TROZADO | O57: =G57 -> 6850 | P57: =(O57*SUM(K57:N57)) -> 0 | R57: TROZADO | W57: =G57 -> 6850 | X57: =(W57*SUM(S57:V57)) -> 0 | Z57: TROZADO | AA57: 0.8 | AE57: =G57 -> 6850 | AF57: =(AE57*SUM(AA57:AD57)) -> 5480
B58: SUPREMAS | C58: 7 | D58: 2.2 | G58: 10580 | H58: =(G58*SUM(C58:F58)) -> 97336 | J58: SUPREMAS | K58: 5 | O58: =G58 -> 10580 | P58: =(O58*SUM(K58:N58)) -> 52900 | R58: SUPREMAS | W58: =G58 -> 10580 | X58: =(W58*SUM(S58:V58)) -> 0 | Z58: SUPREMAS | AA58: 6 | AE58: =G58 -> 10580 | AF58: =(AE58*SUM(AA58:AD58)) -> 63480
B59: PECHUGA Y BIFE | C59: 19.5 | D59: 12 | G59: 10850 | H59: =(G59*SUM(C59:F59)) -> 341775 | J59: PECHUGA Y BIFE | O59: =G59 -> 10850 | P59: =(O59*SUM(K59:N59)) -> 0 | R59: PECHUGA Y BIFE | W59: =G59 -> 10850 | X59: =(W59*SUM(S59:V59)) -> 0 | Z59: PECHUGA Y BIFE | AA59: 1.2 | AB59: 4 | AE59: =G59 -> 10850 | AF59: =(AE59*SUM(AA59:AD59)) -> 56420
B60: BIFE DE PATA MUSLO | G60: 12000 | H60: =(G60*SUM(C60:F60)) -> 0 | J60: BIFE DE PATA MUSLO | O60: =G60 -> 12000 | P60: =(O60*SUM(K60:N60)) -> 0 | R60: BIFE DE PATA MUSLO | W60: =G60 -> 12000 | X60: =(W60*SUM(S60:V60)) -> 0 | Z60: BIFE DE PATA MUSLO | AE60: =G60 -> 12000 | AF60: =(AE60*SUM(AA60:AD60)) -> 0
B61: PATA MUSLO C/RABADILLA | C61: 8.8 | D61: 5.9 | G61: 6100 | H61: =(G61*SUM(C61:F61)) -> 89670 | J61: PATA MUSLO C/RABADILLA | O61: =G61 -> 6100 | P61: =(O61*SUM(K61:N61)) -> 0 | R61: PATA MUSLO C/RABADILLA | S61: 0.42 | W61: =G61 -> 6100 | X61: =(W61*SUM(S61:V61)) -> 2562 | Z61: PATA MUSLO C/RABADILLA | AA61: 8 | AB61: 8.8 | AE61: =G61 -> 6100 | AF61: =(AE61*SUM(AA61:AD61)) -> 102480
B62: ALITAS | C62: 3.2 | G62: 4900 | H62: =(G62*SUM(C62:F62)) -> 15680 | J62: ALITAS | O62: =G62 -> 4900 | P62: =(O62*SUM(K62:N62)) -> 0 | R62: ALITAS | S62: 2.7 | T62: 0.6 | W62: =G62 -> 4900 | X62: =(W62*SUM(S62:V62)) -> 16170 | Z62: ALITAS | AE62: =G62 -> 4900 | AF62: =(AE62*SUM(AA62:AD62)) -> 0
B63: MENUDOS | G63: 1800 | H63: =(G63*SUM(C63:F63)) -> 0 | J63: MENUDOS | O63: =G63 -> 1800 | P63: =(O63*SUM(K63:N63)) -> 0 | R63: MENUDOS | S63: 4 | W63: =G63 -> 1800 | X63: =(W63*SUM(S63:V63)) -> 7200 | Z63: MENUDOS | AE63: =G63 -> 1800 | AF63: =(AE63*SUM(AA63:AD63)) -> 0
B64: PUCHERO | C64: 2.5 | G64: 500 | H64: =(G64*SUM(C64:F64)) -> 1250 | J64: PUCHERO | O64: =G64 -> 500 | P64: =(O64*SUM(K64:N64)) -> 0 | R64: PUCHERO | W64: =G64 -> 500 | X64: =(W64*SUM(S64:V64)) -> 0 | Z64: PUCHERO | AE64: =G64 -> 500 | AF64: =(AE64*SUM(AA64:AD64)) -> 0
B65: OFERTA 3KG PATA | G65: 17500 | H65: =(G65*SUM(C65:F65)) -> 0 | J65: OFERTA 3KG PATA | O65: =G65 -> 17500 | P65: =(O65*SUM(K65:N65)) -> 0 | R65: OFERTA 3KG PATA | W65: =G65 -> 17500 | X65: =(W65*SUM(S65:V65)) -> 0 | Z65: OFERTA 3KG PATA | AE65: =G65 -> 17500 | AF65: =(AE65*SUM(AA65:AD65)) -> 0
B66: HAMBURGUESA DE POLLO | G66: 9700 | H66: =(G66*SUM(C66:F66)) -> 0 | J66: HAMBURGUESA DE POLLO | O66: =G66 -> 9700 | P66: =(O66*SUM(K66:N66)) -> 0 | R66: HAMBURGUESA DE POLLO | W66: =G66 -> 9700 | X66: =(W66*SUM(S66:V66)) -> 0 | Z66: HAMBURGUESA DE POLLO | AE66: =G66 -> 9700 | AF66: =(AE66*SUM(AA66:AD66)) -> 0
B67: TOTAL | H67: =SUM(H5:H41)+SUM(H43:H53)+SUM(H55:H66) -> #REF! | J67: TOTAL | P67: =SUM(P5:P41)+SUM(P43:P53)+SUM(P55:P66) -> #REF! | R67: TOTAL | X67: =SUM(X5:X41)+SUM(X43:X53)+SUM(X55:X66) -> #REF! | Z67: TOTAL | AF67: =SUM(AF5:AF41)+SUM(AF43:AF53)+SUM(AF55:AF66) -> #REF!
B70: TOTAL STOK CARNICERIAS AL 07-05-26 | H70: =SUM(H67,P67,X67,AF67) -> #REF!
